, random_seed, 452375025
, arith_random_seed, 184455904
, random_seed, 184036166
, arith_random_seed, 23087690
, random_seed, 117935922
, arith_random_seed, 55745663
, random_seed, 31030490
, arith_random_seed, 486162370
, random_seed, 298258419
, arith_random_seed, 329617422
, random_seed, 101058947
, arith_random_seed, 84330729
, random_seed, 259609412
, arith_random_seed, 138437512
, random_seed, 425302799
, arith_random_seed, 56188235
, random_seed, 6815415
, arith_random_seed, 49140364
, random_seed, 297996602
, arith_random_seed, 421428105
, random_seed, 293803396
, arith_random_seed, 304646660
, random_seed, 69491985
, arith_random_seed, 295672650
, random_seed, 44363602
, arith_random_seed, 234995920
, random_seed, 51005277
, arith_random_seed, 117863388
, random_seed, 170027691
, arith_random_seed, 375595279
, random_seed, 77606502
, arith_random_seed, 225379381
, random_seed, 231045979
, arith_random_seed, 56301703
, random_seed, 16963245
, arith_random_seed, 475945954
, random_seed, 294492710
, arith_random_seed, 1925354
, random_seed, 301160492
, arith_random_seed, 464142951
, random_seed, 320414209
, arith_random_seed, 395060839
, random_seed, 478366989
, arith_random_seed, 495668703
, random_seed, 94567559
, arith_random_seed, 321626208
, random_seed, 361231038
, arith_random_seed, 241786815
, random_seed, 388917623
, arith_random_seed, 40431916
, random_seed, 98828296
, arith_random_seed, 398796234
, random_seed, 85446774
, arith_random_seed, 302206515
, random_seed, 24697652
, arith_random_seed, 123815649
, random_seed, 290377794
, arith_random_seed, 318489369
, random_seed, 164645627
, arith_random_seed, 213956362
, random_seed, 481367663
, arith_random_seed, 116640452
, random_seed, 365457588
, arith_random_seed, 131140296
, random_seed, 498483192
, arith_random_seed, 103354025
, random_seed, 410454058
, arith_random_seed, 324139485
, random_seed, 183543531
, arith_random_seed, 63594977
, random_seed, 417303724
, arith_random_seed, 29002475
, random_seed, 97562181
, arith_random_seed, 88994534
, random_seed, 66828462
, arith_random_seed, 124486102
, random_seed, 230780098
, arith_random_seed, 375085665
, random_seed, 390366987
, arith_random_seed, 79676521
, random_seed, 198825748
, arith_random_seed, 471058343
, random_seed, 23190090
, arith_random_seed, 296035286
, random_seed, 5491107
, arith_random_seed, 402476586
, random_seed, 480408864
, arith_random_seed, 131267079
, random_seed, 412446638
, arith_random_seed, 130439615
, random_seed, 161725390
, arith_random_seed, 398226347
, random_seed, 205665613
, arith_random_seed, 440995943
, random_seed, 442805754
, arith_random_seed, 476988515
, random_seed, 35760587
, arith_random_seed, 9456467
, random_seed, 236359667
, arith_random_seed, 466339663
, random_seed, 35434826
, arith_random_seed, 478285808
, random_seed, 279162576
, arith_random_seed, 393578903
, random_seed, 438069097
, arith_random_seed, 1341417
, random_seed, 207885508
, arith_random_seed, 15877804
, random_seed, 309538514
, arith_random_seed, 470293873
, random_seed, 232694733
, arith_random_seed, 200145786
, random_seed, 80700513
, arith_random_seed, 106005428
, random_seed, 253432969
, arith_random_seed, 351502962
, random_seed, 33953659
, arith_random_seed, 347232468
, random_seed, 357171055
, arith_random_seed, 389895823
, random_seed, 421101856
, arith_random_seed, 421079483
, random_seed, 400334357
, arith_random_seed, 316346805
, random_seed, 5498159
, arith_random_seed, 271293000
, random_seed, 173127526
, arith_random_seed, 482576801
, random_seed, 99668066
, arith_random_seed, 471458453
, random_seed, 23446015
, arith_random_seed, 20341937
, random_seed, 138439948
, arith_random_seed, 345265551
, random_seed, 363338288
, arith_random_seed, 259646747
, random_seed, 13144442
, arith_random_seed, 299670051
, random_seed, 24923865
, arith_random_seed, 24419577
, random_seed, 45104709
, arith_random_seed, 149898366
, random_seed, 444435777
, arith_random_seed, 68127035
, random_seed, 480351596
, arith_random_seed, 138044447
, random_seed, 393841275
, arith_random_seed, 279415074
, random_seed, 21819191
, arith_random_seed, 8607970
, random_seed, 461351691
, arith_random_seed, 153701684
, random_seed, 458271578
, arith_random_seed, 166487578
, random_seed, 334387682
, arith_random_seed, 177298755
, random_seed, 287425890
, arith_random_seed, 465592297
, random_seed, 20968949
, arith_random_seed, 358774617
, random_seed, 21860836
, arith_random_seed, 242868093
, random_seed, 352566554
, arith_random_seed, 281297633
, random_seed, 115575828
, arith_random_seed, 377715464
, random_seed, 65633371
, arith_random_seed, 185034887
, random_seed, 336108463
, arith_random_seed, 409704680
, random_seed, 67976461
, arith_random_seed, 127794514
, random_seed, 315823240
, arith_random_seed, 148440409
, random_seed, 437205187
, arith_random_seed, 82326250
, random_seed, 410116192
, arith_random_seed, 28445139
, random_seed, 428822535
, arith_random_seed, 109722603
, random_seed, 255828259
, arith_random_seed, 145671034
, random_seed, 172808467
, arith_random_seed, 99886172
, random_seed, 326914855
, arith_random_seed, 157371979
, random_seed, 364741276
, arith_random_seed, 205136442
, random_seed, 431373073
, arith_random_seed, 202502882
, random_seed, 405467679
, arith_random_seed, 447896168
, random_seed, 342046274
, arith_random_seed, 275809280
, random_seed, 370353546
, arith_random_seed, 402997045
, random_seed, 281421051
, arith_random_seed, 153271672
, random_seed, 300733305
, arith_random_seed, 349451324
, random_seed, 197708434
, arith_random_seed, 209734174
, random_seed, 198388163
, arith_random_seed, 23227467
, random_seed, 268971332
, arith_random_seed, 411420081
, random_seed, 370685279
, arith_random_seed, 5325988
, random_seed, 69281010
, arith_random_seed, 43601016
, random_seed, 494407299
, arith_random_seed, 299032782
, random_seed, 7917429
, arith_random_seed, 93372513
, random_seed, 221171129
, arith_random_seed, 269004226
, random_seed, 143091395
, arith_random_seed, 431145612
, random_seed, 75316143
, arith_random_seed, 393046470
, random_seed, 477005682
, arith_random_seed, 85458227
, random_seed, 199568334
, arith_random_seed, 401165260
, random_seed, 232176518
, arith_random_seed, 271778569
, random_seed, 185770073
, arith_random_seed, 10768615
, random_seed, 63722464
, arith_random_seed, 92790051
, random_seed, 146604298
, arith_random_seed, 326287293
, random_seed, 395671046
, arith_random_seed, 371471960
, random_seed, 416628442
, arith_random_seed, 70060910
, random_seed, 25819962
, arith_random_seed, 228834693
, random_seed, 87894120
, arith_random_seed, 279893527
, random_seed, 154117867
, arith_random_seed, 137163982
, random_seed, 166959870
, arith_random_seed, 23645212
, random_seed, 483389935
, arith_random_seed, 55175812
, random_seed, 427915827
, arith_random_seed, 483721085
, random_seed, 377721016
, arith_random_seed, 196184070
, random_seed, 80089213
, arith_random_seed, 405004036
, random_seed, 99565425
, arith_random_seed, 116714602
, random_seed, 265116706
, arith_random_seed, 41874193
, random_seed, 169680546
, arith_random_seed, 423812438
, random_seed, 13484057
, arith_random_seed, 98355114
, random_seed, 182356803
, arith_random_seed, 193406780
, random_seed, 18247232
, arith_random_seed, 246126001
, random_seed, 4927361
, arith_random_seed, 156072861
, random_seed, 108430076
, arith_random_seed, 209441674
, random_seed, 110249989
, arith_random_seed, 357124734
, random_seed, 195505426
, arith_random_seed, 151178649
, random_seed, 264552457
, arith_random_seed, 45695972
, random_seed, 154046129
, arith_random_seed, 251097437
, random_seed, 123008076
, arith_random_seed, 335722259
, random_seed, 350979519
, arith_random_seed, 350591399
, random_seed, 32436613
, arith_random_seed, 332083711
, random_seed, 327630705
, arith_random_seed, 313844079
, random_seed, 129955853
, arith_random_seed, 383118241
, random_seed, 436345294
, arith_random_seed, 402886679
, random_seed, 199836177
, arith_random_seed, 7177888
, random_seed, 140521042
, arith_random_seed, 169625624
, random_seed, 384297580
, arith_random_seed, 65598711
, random_seed, 96805646
, arith_random_seed, 137038067
, random_seed, 368358146
, arith_random_seed, 209801042
, random_seed, 277352803
, arith_random_seed, 176084777
, random_seed, 210216456
, arith_random_seed, 228557658
, random_seed, 235567243
, arith_random_seed, 428111217
, random_seed, 389621564
, arith_random_seed, 321683819
, random_seed, 351995426
, arith_random_seed, 176243074
, random_seed, 141371450
, arith_random_seed, 325866
, random_seed, 465877193
, arith_random_seed, 279928472
, random_seed, 57083055
, arith_random_seed, 458709792
, random_seed, 67274953
, arith_random_seed, 215153289
, random_seed, 334122974
, arith_random_seed, 125453099
, random_seed, 279215671
, arith_random_seed, 418145388
, random_seed, 148911761
, arith_random_seed, 269533736
, random_seed, 441333366
, arith_random_seed, 479748787
, random_seed, 457440557
, arith_random_seed, 430850800
, random_seed, 279003953
, arith_random_seed, 263945728
, random_seed, 84390061
, arith_random_seed, 323981689
, random_seed, 62236832
, arith_random_seed, 90326997
, random_seed, 233211551
, arith_random_seed, 203104408
, random_seed, 58718067
, arith_random_seed, 306283760
, random_seed, 203256277
, arith_random_seed, 145168858
, random_seed, 431634303
, arith_random_seed, 124377895
, random_seed, 368009720
, arith_random_seed, 281640380
, random_seed, 8783977
, arith_random_seed, 116879560
, random_seed, 150286417
, arith_random_seed, 164068695
, random_seed, 89219379
, arith_random_seed, 490403587
, random_seed, 294481541
, arith_random_seed, 137780549
, random_seed, 270808752
, arith_random_seed, 77068361
, random_seed, 462945842
, arith_random_seed, 325788582
, random_seed, 100454291
, arith_random_seed, 111272932
, random_seed, 354954724
, arith_random_seed, 67847071
, random_seed, 176173178
, arith_random_seed, 496530006
, random_seed, 232133726
, arith_random_seed, 130048227
, random_seed, 62471200
, arith_random_seed, 38619551
, random_seed, 181904673
, arith_random_seed, 39816501
, random_seed, 296615739
, arith_random_seed, 9490036
, random_seed, 341655575
, arith_random_seed, 440266536
, random_seed, 491408164
, arith_random_seed, 302330574
, random_seed, 208075794
, arith_random_seed, 488475501
, random_seed, 470895488
, arith_random_seed, 127875315
, random_seed, 128310123
, arith_random_seed, 457189750
, random_seed, 119180957
, arith_random_seed, 285825085
, random_seed, 88898092
, arith_random_seed, 246260241
, random_seed, 480950535
, arith_random_seed, 313453271
, random_seed, 145336612
, arith_random_seed, 272911011
, random_seed, 165417288
, arith_random_seed, 224014397
, random_seed, 109375147
, arith_random_seed, 419401734
, random_seed, 73215584
, arith_random_seed, 122845512
, random_seed, 368923578
, arith_random_seed, 78901280
, random_seed, 34444593
, arith_random_seed, 313741972
, random_seed, 238175922
, arith_random_seed, 117923209
, random_seed, 237129589
, arith_random_seed, 383745956
, random_seed, 60232429
, arith_random_seed, 462497557
, random_seed, 72589670
, arith_random_seed, 76187636
, random_seed, 496110888
, arith_random_seed, 265726883
, random_seed, 385610656
, arith_random_seed, 303592897
, random_seed, 205461774
, arith_random_seed, 463669110
, random_seed, 295877659
, arith_random_seed, 278179030
, random_seed, 407744059
, arith_random_seed, 96328631
, random_seed, 129681610
, arith_random_seed, 271236977
, random_seed, 145902654
, arith_random_seed, 265403932
, random_seed, 140818124
, arith_random_seed, 356711129
, random_seed, 334513320
, arith_random_seed, 12368063
, random_seed, 380769744
, arith_random_seed, 271229962
, random_seed, 202298221
, arith_random_seed, 181214507
, random_seed, 366591714
, arith_random_seed, 391195455
, random_seed, 233258275
, arith_random_seed, 481526424
, random_seed, 270689979
, arith_random_seed, 325226491
, random_seed, 224954519
, arith_random_seed, 219130418
, random_seed, 396028964
, arith_random_seed, 115698943
, random_seed, 304948749
, arith_random_seed, 29862999
, random_seed, 442872225
, arith_random_seed, 269869410
, random_seed, 21197002
, arith_random_seed, 498383020
, random_seed, 337548114
, arith_random_seed, 236375517
, random_seed, 110213785
, arith_random_seed, 351501329
, random_seed, 301172871
, arith_random_seed, 392666140
, random_seed, 35516730
, arith_random_seed, 201216200
, random_seed, 307024138
, arith_random_seed, 97010039
, random_seed, 110769347
, arith_random_seed, 313598418
, random_seed, 333604848
, arith_random_seed, 495893436
, random_seed, 418939962
, arith_random_seed, 164563329
, random_seed, 157469645
, arith_random_seed, 11370946
, random_seed, 197077194
, arith_random_seed, 136245342
, random_seed, 257718207
, arith_random_seed, 155224286
, random_seed, 126417450
, arith_random_seed, 57282763
, random_seed, 15620180
, arith_random_seed, 256178106
, random_seed, 478803430
, arith_random_seed, 68364063
, random_seed, 452030082
, arith_random_seed, 60249334
, random_seed, 363239824
, arith_random_seed, 231304337
, random_seed, 222649780
, arith_random_seed, 419017352
, random_seed, 58332495
, arith_random_seed, 347883862
, random_seed, 387838852
, arith_random_seed, 357557506
, random_seed, 314182736
, arith_random_seed, 496398285
, random_seed, 387948010
, arith_random_seed, 235738921
, random_seed, 281349675
, arith_random_seed, 34751743
, random_seed, 177865374
, arith_random_seed, 386634270
, random_seed, 212313998
, arith_random_seed, 239736360
, random_seed, 428442116
, arith_random_seed, 476332907
, random_seed, 268952012
, arith_random_seed, 495512601
, random_seed, 412800986
, arith_random_seed, 232730394
, random_seed, 366091940
, arith_random_seed, 16521736
, random_seed, 474863342
, arith_random_seed, 261385448
, random_seed, 307250224
, arith_random_seed, 292042980
, random_seed, 38545397
, arith_random_seed, 240934270
, random_seed, 8746729
, arith_random_seed, 372048030
, random_seed, 142309644
, arith_random_seed, 47457519
, random_seed, 110219982
, arith_random_seed, 26950083
, random_seed, 93878947
, arith_random_seed, 228931416
, random_seed, 342800928
, arith_random_seed, 142807883
, random_seed, 88528008
, arith_random_seed, 74622802
, random_seed, 171892027
, arith_random_seed, 44439863
, random_seed, 216583802
, arith_random_seed, 391830585
, random_seed, 168227926
, arith_random_seed, 430506976
, random_seed, 67955430
, arith_random_seed, 278570812
, random_seed, 155533642
, arith_random_seed, 92601948
, random_seed, 266347918
, arith_random_seed, 109900385
, random_seed, 67809233
, arith_random_seed, 239777233
, random_seed, 248834000
, arith_random_seed, 164584882
, random_seed, 305694504
, arith_random_seed, 112926893
, random_seed, 75261656
, arith_random_seed, 74661470
, random_seed, 130947465
, arith_random_seed, 235264201
, random_seed, 158735509
, arith_random_seed, 53579536
, random_seed, 455155965
, arith_random_seed, 376242005
, random_seed, 402095445
, arith_random_seed, 247954168
, random_seed, 231119646
, arith_random_seed, 388167859
, random_seed, 61217454
, arith_random_seed, 52598356
, random_seed, 33333437
, arith_random_seed, 408829314
, random_seed, 95378051
, arith_random_seed, 387080303
, random_seed, 431742872
, arith_random_seed, 444733997
, random_seed, 236359965
, arith_random_seed, 210637435
, random_seed, 323567459
, arith_random_seed, 385866520
, random_seed, 398064554
, arith_random_seed, 412896260
, random_seed, 427422957
, arith_random_seed, 479893428
, random_seed, 166457296
, arith_random_seed, 93804788
, random_seed, 33646006
, arith_random_seed, 151018733
, random_seed, 74413357
, arith_random_seed, 398019446
, random_seed, 390439153
, arith_random_seed, 307006261
, random_seed, 453994694
, arith_random_seed, 329578721
, random_seed, 140914083
, arith_random_seed, 189320064
, random_seed, 368988856
, arith_random_seed, 300878535
, random_seed, 287012881
, arith_random_seed, 407317614
, random_seed, 38627649
, arith_random_seed, 169674806
, random_seed, 396135983
, arith_random_seed, 200512475
, random_seed, 183948376
, arith_random_seed, 305964090
, random_seed, 208765031
, arith_random_seed, 84811197
, random_seed, 97049127
, arith_random_seed, 370431995
, random_seed, 480771598
, arith_random_seed, 113540584
, random_seed, 445250587
, arith_random_seed, 374796158
, random_seed, 397539705
, arith_random_seed, 344529706
, random_seed, 388587289
, arith_random_seed, 218431847
, random_seed, 315762606
, arith_random_seed, 176301006
, random_seed, 212477423
, arith_random_seed, 229159761
, random_seed, 67721322
, arith_random_seed, 240023143
, random_seed, 371123084
, arith_random_seed, 236402460
, random_seed, 272243853
, arith_random_seed, 104126150
, random_seed, 420180121
, arith_random_seed, 165754121
, random_seed, 198128576
, arith_random_seed, 200367820
, random_seed, 228290009
, arith_random_seed, 160260961
, random_seed, 353313393
, arith_random_seed, 16767684
, random_seed, 325515394
, arith_random_seed, 3446957
, random_seed, 279714223
, arith_random_seed, 439673319
, random_seed, 114690766
, arith_random_seed, 268877074
, random_seed, 230423458
, arith_random_seed, 313659366
, random_seed, 205376825
, arith_random_seed, 412396162
, random_seed, 205985764
, arith_random_seed, 478031950
, random_seed, 321312342
, arith_random_seed, 94467811
, random_seed, 350231001
, arith_random_seed, 310933743
, random_seed, 28070525
, arith_random_seed, 486476460
, random_seed, 232157103
, arith_random_seed, 5745940
, random_seed, 465102973
, arith_random_seed, 151459519
, random_seed, 219909648
, arith_random_seed, 439241006
, random_seed, 194556647
, arith_random_seed, 217685450
, random_seed, 392105414
, arith_random_seed, 450543822
, random_seed, 319973334
, arith_random_seed, 391644878
, random_seed, 233544717
, arith_random_seed, 480040296
, random_seed, 440336922
, arith_random_seed, 222516014
, random_seed, 137489269
, arith_random_seed, 84060110
, random_seed, 100212869
, arith_random_seed, 431073260
, random_seed, 16391163
, arith_random_seed, 214815173
, random_seed, 179052472
, arith_random_seed, 10165752
, random_seed, 423645629
, arith_random_seed, 263312316
, random_seed, 51732999
, arith_random_seed, 44249691
, random_seed, 448910130
, arith_random_seed, 15778664
, random_seed, 236137661
, arith_random_seed, 307976305
, random_seed, 207609442
, arith_random_seed, 23839453
, random_seed, 453813207
, arith_random_seed, 311564693
, random_seed, 114599816
, arith_random_seed, 491041331
, random_seed, 482523101
, arith_random_seed, 393329513
, random_seed, 287819313
, arith_random_seed, 617113
, random_seed, 403495345
, arith_random_seed, 307211172
, random_seed, 24215830
, arith_random_seed, 334545057
, random_seed, 286185286
, arith_random_seed, 431104487
, random_seed, 60247073
, arith_random_seed, 408201451
, random_seed, 327313904
, arith_random_seed, 207019603
, random_seed, 475097864
, arith_random_seed, 371841223
, random_seed, 217085855
, arith_random_seed, 387381424
, random_seed, 87548798
, arith_random_seed, 136866067
, random_seed, 413593574
, arith_random_seed, 33347367
, random_seed, 32042467
, arith_random_seed, 149101861
, random_seed, 102657282
, arith_random_seed, 493646363
, random_seed, 496138609
, arith_random_seed, 407307213
, random_seed, 95457741
, arith_random_seed, 128588381
, random_seed, 162778795
, arith_random_seed, 338705443
, random_seed, 448119468
, arith_random_seed, 62743201
, random_seed, 439363679
, arith_random_seed, 402796176
, random_seed, 88741485
, arith_random_seed, 84799364
, random_seed, 102288748
, arith_random_seed, 157636761
, random_seed, 31874446
, arith_random_seed, 393313805
, random_seed, 270521215
, arith_random_seed, 397531873
, random_seed, 61963499
, arith_random_seed, 170661389
, random_seed, 463692591
, arith_random_seed, 391218949
, random_seed, 325853162
, arith_random_seed, 225361739
, random_seed, 18954597
, arith_random_seed, 6867266
, random_seed, 131092389
, arith_random_seed, 144538016
, random_seed, 311495123
, arith_random_seed, 278648958
, random_seed, 268958504
, arith_random_seed, 173487990
, random_seed, 23717511
, arith_random_seed, 200152290
, random_seed, 88432006
, arith_random_seed, 23700796
, random_seed, 50170687
, arith_random_seed, 53949326
, random_seed, 234381905
, arith_random_seed, 232874975
, random_seed, 309598680
, arith_random_seed, 316156221
, random_seed, 106846601
, arith_random_seed, 238400761
, random_seed, 481798624
, arith_random_seed, 466920135
, random_seed, 11133472
, arith_random_seed, 362603449
, random_seed, 404097031
, arith_random_seed, 366118936
, random_seed, 95408010
, arith_random_seed, 370275363
, random_seed, 495291206
, arith_random_seed, 356593037
, random_seed, 316411002
, arith_random_seed, 293591222
, random_seed, 227471897
, arith_random_seed, 89260588
, random_seed, 140843384
, arith_random_seed, 397456628
, random_seed, 56228126
, arith_random_seed, 263718535
, random_seed, 433619304
, arith_random_seed, 92270606
, random_seed, 149775922
, arith_random_seed, 75048643
, random_seed, 173231635
, arith_random_seed, 22685919
, random_seed, 293193227
, arith_random_seed, 94773245
, random_seed, 96499690
, arith_random_seed, 57119811
, random_seed, 291170326
, arith_random_seed, 171556042
, random_seed, 208828680
, arith_random_seed, 302531883
, random_seed, 3830847
, arith_random_seed, 331606428
, random_seed, 90904947
, arith_random_seed, 69349165
, random_seed, 303338362
, arith_random_seed, 110374019
, random_seed, 220060416
, arith_random_seed, 275872292
, random_seed, 239880893
, arith_random_seed, 156946809
, random_seed, 281042497
, arith_random_seed, 42749423
, random_seed, 378756654
, arith_random_seed, 317656114
, random_seed, 498754453
, arith_random_seed, 162981710
, random_seed, 411888282
, arith_random_seed, 52469574
, random_seed, 45371525
, arith_random_seed, 249063250
, random_seed, 145415670
, arith_random_seed, 339175267
, random_seed, 53358680
, arith_random_seed, 60650398
, random_seed, 313491854
, arith_random_seed, 130545295
, random_seed, 585817
, arith_random_seed, 392108509
, random_seed, 438154048
, arith_random_seed, 71570361
, random_seed, 139292208
, arith_random_seed, 129036459
, random_seed, 38763515
, arith_random_seed, 110593803
, random_seed, 302776509
, arith_random_seed, 309789255
, random_seed, 360344909
, arith_random_seed, 51357892
, random_seed, 93679598
, arith_random_seed, 224930242
, random_seed, 216071527
, arith_random_seed, 194532905
, random_seed, 441470824
, arith_random_seed, 371554737
, random_seed, 229056864
, arith_random_seed, 40902163
, random_seed, 259260785
, arith_random_seed, 497175595
, random_seed, 229210056
, arith_random_seed, 488222493
, random_seed, 278813194
, arith_random_seed, 34770221
, random_seed, 432126270
, arith_random_seed, 181055957
, random_seed, 418180341
, arith_random_seed, 480132938
, random_seed, 21404226
, arith_random_seed, 369747407
, random_seed, 65773625
, arith_random_seed, 135206630
, random_seed, 233351157
, arith_random_seed, 71522480
, random_seed, 455992550
, arith_random_seed, 856463
, random_seed, 41780202
, arith_random_seed, 313281014
, random_seed, 439319541
, arith_random_seed, 268827154
, random_seed, 475370002
, arith_random_seed, 307460733
, random_seed, 145353258
, arith_random_seed, 236456479
, random_seed, 225725172
, arith_random_seed, 83172128
, random_seed, 110739127
, arith_random_seed, 374537709
, random_seed, 383414795
, arith_random_seed, 311403365
, random_seed, 473989572
, arith_random_seed, 263977613
, random_seed, 21735939
, arith_random_seed, 347163884
, random_seed, 143234890
, arith_random_seed, 315980863
, random_seed, 343584161
, arith_random_seed, 309046825
, random_seed, 418174060
, arith_random_seed, 184138259
, random_seed, 459903459
, arith_random_seed, 6778053
