, random_seed, 123416723
, arith_random_seed, 330336288
, random_seed, 121644674
, arith_random_seed, 255352873
, random_seed, 162027810
, arith_random_seed, 205136993
, random_seed, 19095269
, arith_random_seed, 210271758
, random_seed, 61043496
, arith_random_seed, 52571919
, random_seed, 437007494
, arith_random_seed, 406437522
, random_seed, 4869489
, arith_random_seed, 194987398
, random_seed, 151104311
, arith_random_seed, 209032427
, random_seed, 383778850
, arith_random_seed, 5476661
, random_seed, 471131643
, arith_random_seed, 412908492
, random_seed, 235498501
, arith_random_seed, 194386050
, random_seed, 86450646
, arith_random_seed, 458266301
, random_seed, 448948092
, arith_random_seed, 69245774
, random_seed, 385992753
, arith_random_seed, 62515708
, random_seed, 83238801
, arith_random_seed, 397455542
